"codon","aa","freq_within_aa"
"AAA","K",0.17106890771625763
"AAC","N",0.7594714010180809
"AAG","K",0.8289310922837424
"AAT","N",0.2405285989819191
"ACA","T",0.12943434417186275
"ACC","T",0.5700403826283748
"ACG","T",0.21673262630339096
"ACT","T",0.08379264689637153
"AGA","R",0.43589749463791727
"AGC","S",0.2046131559664699
"AGG","R",0.1342483204173788
"AGT","S",0.1721907405814423
"ATA","I",0.17924610290070087
"ATC","I",0.5831481169905391
"ATG","M",1
"ATT","I",0.23760578010875996
"CAA","Q",0.2581683882559603
"CAC","H",0.6585073794740844
"CAG","Q",0.7418316117440398
"CAT","H",0.3414926205259156
"CCA","P",0.28782425102934217
"CCC","P",0.2818994998460761
"CCG","P",0.13544528480269685
"CCT","P",0.2948309643218849
"CGA","R",0.16089925516939307
"CGC","R",0.13614816992011966
"CGG","R",0.0883796430780141
"CGT","R",0.04442711677717706
"CTA","L",0.026206128917178287
"CTC","L",0.18474284070023503
"CTG","L",0.650439639667887
"CTT","L",0.0709314014054765
"GAA","E",0.155225868348273
"GAC","D",0.7665765599432305
"GAG","E",0.844774131651727
"GAT","D",0.23342344005676946
"GCA","A",0.1905103196159264
"GCC","A",0.39136229922447413
"GCG","A",0.17586996262300003
"GCT","A",0.24225741853659946
"GGA","G",0.22536749930782912
"GGC","G",0.2709422535216371
"GGG","G",0.33501746880940225
"GGT","G",0.16867277836113156
"GTA","V",0.07044783682952861
"GTC","V",0.5208259619800238
"GTG","V",0.3459984720004027
"GTT","V",0.06272772919004484
"TAC","Y",0.5955316210893039
"TAT","Y",0.4044683789106961
"TCA","S",0.131283339559025
"TCC","S",0.31696299978576203
"TCG","S",0.03795954842314847
"TCT","S",0.13699021568415234
"TGC","C",0.29280147822586516
"TGG","W",1
"TGT","C",0.7071985217741348
"TTA","L",0.01891296640686233
"TTC","F",0.6825539618451454
"TTG","L",0.04876702290236082
"TTT","F",0.3174460381548546
