"codon","aa","freq_within_aa"
"AAA","K",0.5038634756949489
"AAC","N",0.5718761146593684
"AAG","K",0.4961365243050511
"AAT","N",0.4281238853406316
"ACA","T",0.13097182238346933
"ACC","T",0.47899857499742254
"ACG","T",0.09268272481419175
"ACT","T",0.29734687780491637
"AGA","R",0.1876054334663075
"AGC","S",0.19444975284400967
"AGG","R",0.3922372498119939
"AGT","S",0.20454951237884456
"ATA","I",0.03868630942512579
"ATC","I",0.7397642158016438
"ATG","M",1
"ATT","I",0.22154947477323048
"CAA","Q",0.19296824449591132
"CAC","H",0.6570207717474473
"CAG","Q",0.8070317555040887
"CAT","H",0.3429792282525527
"CCA","P",0.33448630048322064
"CCC","P",0.24284536707540752
"CCG","P",0.07291725166880268
"CCT","P",0.34975108077256917
"CGA","R",0.0842652823706148
"CGC","R",0.09752660203720129
"CGG","R",0.20034523246364142
"CGT","R",0.03802019985024105
"CTA","L",0.05924441120383728
"CTC","L",0.3665813872174048
"CTG","L",0.35403072244441774
"CTT","L",0.039708080776196295
"GAA","E",0.4260872689539162
"GAC","D",0.45230366253507515
"GAG","E",0.5739127310460839
"GAT","D",0.5476963374649249
"GCA","A",0.2191246284363758
"GCC","A",0.5061087270479293
"GCG","A",0.05734268094352331
"GCT","A",0.21742396357217159
"GGA","G",0.1959839346229272
"GGC","G",0.32278997536379045
"GGG","G",0.38173182752721285
"GGT","G",0.09949426248606953
"GTA","V",0.07877585325542301
"GTC","V",0.4179341238484603
"GTG","V",0.33411562644079185
"GTT","V",0.16917439645532487
"TAC","Y",0.39897973273328724
"TAT","Y",0.6010202672667128
"TCA","S",0.08820172572782266
"TCC","S",0.20245309080811363
"TCG","S",0.022302532086794738
"TCT","S",0.2880433861544147
"TGC","C",0.6363459475159284
"TGG","W",1
"TGT","C",0.3636540524840716
"TTA","L",0.07132527815882145
"TTC","F",0.7559554651014863
"TTG","L",0.10911012019932245
"TTT","F",0.24404453489851372
